,precision,recall,f1-score,support
0,0.9333722969023963,0.9968789013732834,0.9640808934500453,1602.0
1,0.9557522123893806,0.4864864864864865,0.6447761194029851,222.0
accuracy,0.9347587719298246,0.9347587719298246,0.9347587719298246,0.9347587719298246
macro avg,0.9445622546458885,0.741682693929885,0.8044285064265152,1824.0
weighted avg,0.9360961681952201,0.9347587719298246,0.9252181413456333,1824.0
